timestamp,open,high,low,close,volume
2022-01-03T00:00:00,49816.7258,50468.6244,49663.5631,50168.2244,100784
2022-01-04T00:00:00,50086.2566,50510.5635,49979.4827,50011.0990,129297
2022-01-05T00:00:00,50117.1240,50996.3718,49822.5649,50529.2195,119343
2022-01-06T00:00:00,50946.3841,51969.6906,50848.6767,51528.4177,111556
2022-01-07T00:00:00,51543.1767,51869.5957,51523.9572,51762.3784,69020
2022-01-10T00:00:00,51764.3206,52376.8348,51689.1702,52047.8380,134242
2022-01-11T00:00:00,51826.6329,52310.1246,51825.9797,51849.5969,95732
2022-01-12T00:00:00,51754.3911,54685.9391,51738.2967,54061.3676,120780
2022-01-13T00:00:00,54014.6700,54612.4304,53894.8318,54582.0733,126628
2022-01-14T00:00:00,54325.7035,55842.5715,53791.3753,55207.9878,134730
2022-01-17T00:00:00,55321.7383,55779.6272,55122.2268,55461.7791,148035
2022-01-18T00:00:00,55410.0006,56105.0308,54992.1409,55704.8942,76977
2022-01-19T00:00:00,55833.3533,56845.7025,55707.1921,56288.4436,61799
2022-01-20T00:00:00,56290.2124,57312.7701,56068.9860,56744.4637,67767
2022-01-21T00:00:00,56572.0299,56772.9279,55934.9808,56444.4560,63096
2022-01-24T00:00:00,56392.2858,56598.3412,56157.4829,56268.9330,76979
2022-01-25T00:00:00,56569.1404,56805.1188,55827.7774,56488.2168,71071
2022-01-26T00:00:00,56226.8995,57291.4764,56106.3627,57192.2148,148930
2022-01-27T00:00:00,57222.5825,57930.2692,56919.8239,57886.1746,79632
2022-01-28T00:00:00,57953.8018,58460.5830,57825.0552,58233.8592,110128
2022-01-31T00:00:00,58101.1123,59197.1067,57999.4029,58803.3929,107457
2022-02-01T00:00:00,58878.3775,59317.6576,58060.8643,58691.9469,131780
2022-02-02T00:00:00,58692.3068,59355.2438,57863.7110,59299.1100,69658
2022-02-03T00:00:00,59650.1579,59948.8601,59118.6421,59343.8041,60383
2022-02-04T00:00:00,59788.5913,60425.1544,59232.4708,60383.9650,75698
2022-02-07T00:00:00,60493.1048,60553.9004,59559.5931,59773.7256,122035
2022-02-08T00:00:00,59891.1023,60920.9316,59635.4864,60258.7053,111430
2022-02-09T00:00:00,60182.5643,61961.3333,60119.3188,61941.9547,76919
2022-02-10T00:00:00,61880.1415,62283.0740,61562.3534,62123.0539,107216
2022-02-11T00:00:00,62242.8693,63748.9121,61583.1861,62923.2845,115693
2022-02-14T00:00:00,62833.0453,62897.1302,61986.2628,62063.0328,51789
2022-02-15T00:00:00,62307.9927,62383.4295,61826.4550,61844.2828,113618
2022-02-16T00:00:00,61546.4257,62433.8594,60274.5171,61834.1780,57526
2022-02-17T00:00:00,61544.3027,62035.0050,61001.6597,61353.7330,120369
2022-02-18T00:00:00,61463.5720,61799.2356,59618.1929,60056.0421,140083
2022-02-21T00:00:00,60185.2741,60367.0957,59104.6819,59793.5389,107280
2022-02-22T00:00:00,59669.1255,60096.4801,59080.8038,59322.4202,58020
2022-02-23T00:00:00,58962.8403,59380.0709,57030.9546,57410.8389,88843
2022-02-24T00:00:00,57389.5194,58004.8157,56397.3802,56633.7202,58378
2022-02-25T00:00:00,56633.7753,56947.6132,56377.5296,56608.2254,73022
2022-02-28T00:00:00,56544.7385,57121.8709,55439.7954,55935.2208,75583
2022-03-01T00:00:00,56077.0638,56357.1654,55873.7316,56257.9759,66960
2022-03-02T00:00:00,56464.0201,57135.3189,55798.5643,56051.0194,82696
2022-03-03T00:00:00,55994.6494,56549.3546,55494.8877,55749.1414,141422
2022-03-04T00:00:00,55869.5604,56123.5969,55413.9652,55558.8205,63617
2022-03-07T00:00:00,55242.2783,55714.0763,54818.8143,55408.6652,145000
2022-03-08T00:00:00,55391.7117,56188.6915,55310.4136,55931.7129,71408
2022-03-09T00:00:00,55730.3572,56650.4736,55719.1598,56355.5797,133911
2022-03-10T00:00:00,56540.2669,56674.4395,56501.4767,56597.7728,137282
2022-03-11T00:00:00,56856.0040,57543.3717,56730.2835,57275.8459,129151
2022-03-14T00:00:00,57368.1161,57630.6547,57346.5530,57556.4204,132966
2022-03-15T00:00:00,57563.9407,58561.3550,57422.6937,58089.7092,94648
2022-03-16T00:00:00,57915.8766,58225.9324,56518.6430,57324.6941,118449
2022-03-17T00:00:00,57385.8360,58301.1040,57340.1931,58278.8095,97219
2022-03-18T00:00:00,58254.2953,58299.3871,57656.1305,57972.5135,119731
2022-03-21T00:00:00,57734.8593,57770.3080,57389.7225,57756.7941,129193
2022-03-22T00:00:00,57818.3696,58326.9169,57570.5413,57798.2286,62990
2022-03-23T00:00:00,57565.9439,58276.4504,57386.1780,57990.0838,106881
2022-03-24T00:00:00,58216.0058,58583.4118,57376.2991,57508.3116,115132
2022-03-25T00:00:00,57585.5491,59014.5356,57137.2675,58803.7149,121766
2022-03-28T00:00:00,58890.3080,61536.8548,58771.5250,60536.4395,103695
2022-03-29T00:00:00,60576.9127,61183.8381,59732.9491,60112.1117,84850
2022-03-30T00:00:00,60281.1040,61417.8826,60089.1742,60821.8632,98744
2022-03-31T00:00:00,61149.5549,62153.2386,60892.3120,61540.8102,67289
2022-04-01T00:00:00,61375.5165,62794.1933,61214.3192,62658.5959,101652
2022-04-04T00:00:00,62599.1307,62937.1631,60530.5525,61349.9832,99258
2022-04-05T00:00:00,61424.1423,61560.1910,60982.2351,61479.5398,79016
2022-04-06T00:00:00,61444.6597,62151.6299,60461.8222,60561.6005,105997
2022-04-07T00:00:00,60494.3448,61756.4230,59853.5219,61309.5120,70823
2022-04-08T00:00:00,61596.2977,62074.7098,60128.3829,60199.7892,70096
2022-04-11T00:00:00,59991.9472,60059.3932,59899.0914,59951.4750,146940
2022-04-12T00:00:00,59770.7046,59993.1468,59334.4886,59847.2710,99104
2022-04-13T00:00:00,59823.2535,60184.3778,59636.6910,59725.8300,145686
2022-04-14T00:00:00,59851.7581,60036.5277,59706.8873,59738.2277,93367
2022-04-15T00:00:00,59892.9415,60204.2706,58596.3708,58641.5108,69145
2022-04-18T00:00:00,58346.5568,58766.1411,56990.0409,57423.6058,52278
2022-04-19T00:00:00,57466.1769,58196.5632,57186.3245,58078.0297,85534
2022-04-20T00:00:00,58018.1874,58039.5306,57762.8883,57939.2800,101046
2022-04-21T00:00:00,57938.8787,58919.1778,57868.3140,58548.4181,87573
2022-04-22T00:00:00,58364.2083,59086.8502,58164.8913,58958.2304,113131
2022-04-25T00:00:00,58818.3210,59107.4530,57919.2715,58305.0348,135676
2022-04-26T00:00:00,58336.2987,59927.2968,57638.9091,59639.9665,81587
2022-04-27T00:00:00,59479.3958,61394.8536,58240.2669,61133.1922,138754
2022-04-28T00:00:00,61223.6539,61826.6436,60942.6351,61784.4909,59701
2022-04-29T00:00:00,61880.3160,61928.1803,61176.6052,61361.4206,90277
2022-05-02T00:00:00,61347.6255,61542.4852,60818.7226,61373.0258,141137
2022-05-03T00:00:00,61462.4802,62169.0262,61440.3102,61544.0945,100278
2022-05-04T00:00:00,61497.1194,61655.2488,61137.7269,61212.3190,53743
2022-05-05T00:00:00,61003.3543,61190.7801,60789.1336,60875.1524,68453
2022-05-06T00:00:00,60975.1030,63350.8914,60924.1626,62489.0149,59524
2022-05-09T00:00:00,62917.1725,64421.0107,62765.7539,63785.2088,82682
2022-05-10T00:00:00,63560.2558,64381.4416,63340.7826,63909.3058,51324
2022-05-11T00:00:00,63797.4231,63973.9096,62188.0676,62561.9615,123933
2022-05-12T00:00:00,62459.6329,63124.6160,62074.0136,62894.0951,51541
2022-05-13T00:00:00,63160.4613,63372.2411,61763.9825,62474.2332,112938
2022-05-16T00:00:00,62265.2898,64081.3879,62236.6278,62996.0115,130482
2022-05-17T00:00:00,62974.4245,64843.1026,62322.6768,64819.5094,131464
2022-05-18T00:00:00,64476.9027,66011.0349,64069.7617,65568.1306,126726
2022-05-19T00:00:00,65587.3073,65613.0684,64808.3179,64955.0365,84171
2022-05-20T00:00:00,64927.1447,65456.1883,64490.7515,65111.8463,112402
2022-05-23T00:00:00,65164.5942,67413.6515,64858.5107,67229.1302,115976
2022-05-24T00:00:00,67003.9985,68334.9023,65668.9663,66751.8633,114226
2022-05-25T00:00:00,66649.6667,66734.9763,65523.5878,65534.1305,111539
2022-05-26T00:00:00,65523.4800,65626.6308,65011.8850,65084.7091,69544
2022-05-27T00:00:00,65021.6149,65440.3567,64179.4304,65435.5997,105005
2022-05-30T00:00:00,64925.1576,66155.4551,64400.9254,64987.4984,113801
2022-05-31T00:00:00,65015.8648,65556.6207,64512.5547,64889.3825,54511
2022-06-01T00:00:00,64993.5026,65227.5755,64918.4866,64960.3487,99552
2022-06-02T00:00:00,64908.5295,65292.7902,64759.7896,64896.8114,102675
2022-06-03T00:00:00,64745.2566,64871.6371,63932.2262,64480.2136,106064
2022-06-06T00:00:00,64416.0093,65810.8467,64353.8069,65791.9261,74502
2022-06-07T00:00:00,65903.0748,66202.5354,65511.2837,66191.0135,139754
2022-06-08T00:00:00,66190.3583,67149.7629,66033.8929,66101.0928,57350
2022-06-09T00:00:00,66275.5017,67343.1438,65821.5401,65970.6823,74370
2022-06-10T00:00:00,65511.5551,65586.9130,64971.6457,65404.8681,147882
2022-06-13T00:00:00,65513.5764,65927.2128,64346.9427,64705.4092,95568
2022-06-14T00:00:00,64723.6339,65328.5226,64688.4964,65129.9864,94286
2022-06-15T00:00:00,65023.7827,65063.0414,63933.1736,64440.5322,91953
2022-06-16T00:00:00,64482.1202,65444.6625,63696.7206,63710.7501,123428
2022-06-17T00:00:00,63717.5877,64783.7881,63300.9398,64254.0994,112497
2022-06-20T00:00:00,64173.1552,64735.1475,63794.3390,64569.6165,109167
2022-06-21T00:00:00,64388.8491,64478.8554,63371.0054,63594.2223,147972
2022-06-22T00:00:00,63876.7240,63986.4623,63189.8033,63217.3011,77093
2022-06-23T00:00:00,63020.7002,63738.4231,62784.8808,63420.8357,57249
2022-06-24T00:00:00,63625.0274,64552.3241,63484.6618,64120.8177,87318
2022-06-27T00:00:00,64011.6568,64365.5219,63573.2425,64070.8256,133855
2022-06-28T00:00:00,64143.1123,64452.7063,63726.6991,64289.1963,126875
2022-06-29T00:00:00,64327.9543,65019.4001,63745.2924,64989.3752,86894
2022-06-30T00:00:00,64711.7958,64898.2306,62777.0668,63130.3660,124610
2022-07-01T00:00:00,63277.0573,63374.4933,62854.8261,62958.8631,137517
2022-07-04T00:00:00,63016.6086,63476.2790,62874.2826,63140.9655,118532
2022-07-05T00:00:00,63058.5471,64303.5738,62958.1689,64106.1510,116209
2022-07-06T00:00:00,64225.0688,64571.7585,63738.8244,64494.0724,78291
2022-07-07T00:00:00,64588.7062,65112.6031,64284.4155,65065.8496,61738
2022-07-08T00:00:00,65012.4360,65688.0989,63829.4920,64201.2114,141337
2022-07-11T00:00:00,63934.1178,64468.3690,63671.5651,64373.3713,89959
2022-07-12T00:00:00,64687.2459,64690.5095,63838.6391,64141.7951,86556
2022-07-13T00:00:00,64036.7491,64686.9634,63900.0288,64525.1244,106380
2022-07-14T00:00:00,64583.8045,64798.6903,63467.3771,63817.8851,67659
2022-07-15T00:00:00,63836.3807,63849.6713,62470.0526,62535.0284,101564
2022-07-18T00:00:00,62340.6639,62784.6059,62025.6647,62120.0143,130431
2022-07-19T00:00:00,62300.0508,62638.9112,62173.3696,62607.8315,58167
2022-07-20T00:00:00,62580.6131,62964.1379,61038.9345,61258.9351,64387
2022-07-21T00:00:00,61253.0761,61259.2545,60160.8212,60373.4003,126535
2022-07-22T00:00:00,60119.5280,60334.9232,59814.1052,59981.6042,146827
2022-07-25T00:00:00,59899.6884,60366.8986,59175.4970,59285.4911,120814
2022-07-26T00:00:00,59416.8041,59620.1255,58719.0047,59106.5369,135350
2022-07-27T00:00:00,59202.9472,59775.4892,57689.8714,58159.1019,114027
2022-07-28T00:00:00,57933.3031,58031.1257,57511.7786,57797.3227,92045
2022-07-29T00:00:00,57941.7145,58988.8916,57925.8457,58703.8245,66765
2022-08-01T00:00:00,58747.5034,59548.4614,58002.2002,59343.2620,55920
2022-08-02T00:00:00,59316.9623,59899.9955,58907.2312,59591.0136,67943
2022-08-03T00:00:00,59743.7803,60567.4251,59414.8420,59997.0518,53637
2022-08-04T00:00:00,60071.4250,60359.0386,59856.3541,60314.0303,121724
2022-08-05T00:00:00,60225.2065,60322.4569,59761.9131,59985.1029,67251
2022-08-08T00:00:00,59991.2125,60521.2656,59312.0920,59475.4680,97949
2022-08-09T00:00:00,59455.0537,60946.8873,59315.6486,60708.0083,104734
2022-08-10T00:00:00,60876.1595,60893.7716,60594.7768,60689.9981,144752
2022-08-11T00:00:00,60737.5112,61098.8640,60109.8087,60172.2696,77455
2022-08-12T00:00:00,60392.4877,60395.9599,60293.8905,60338.3583,97264
2022-08-15T00:00:00,60152.3900,61028.1060,59754.0535,60932.9526,65729
2022-08-16T00:00:00,61007.1172,61493.7217,60395.9764,61457.0325,101612
2022-08-17T00:00:00,61141.7332,61180.8952,59330.1329,59696.1757,65065
2022-08-18T00:00:00,59697.1719,59948.2542,59148.3873,59666.2296,132208
2022-08-19T00:00:00,59769.1232,60032.6234,59637.1258,60004.2929,98010
2022-08-22T00:00:00,59638.3900,60438.1961,59334.4245,59930.1648,80359
2022-08-23T00:00:00,59968.2385,60081.7794,59302.5429,59367.2562,132632
2022-08-24T00:00:00,59415.2887,60312.3766,59387.3563,60138.3367,133200
2022-08-25T00:00:00,60089.5431,60801.9508,59971.6713,60571.7629,96722
2022-08-26T00:00:00,60540.7059,60595.8374,59854.5185,59985.2492,89423
2022-08-29T00:00:00,59606.1574,60187.8706,59226.5646,59977.6585,51234
2022-08-30T00:00:00,59808.8531,60499.5877,59425.8971,60468.9559,95808
2022-08-31T00:00:00,60937.2801,61124.8682,60740.1662,61061.3095,111606
2022-09-01T00:00:00,61024.0969,61852.1317,60960.6349,61600.4648,83738
2022-09-02T00:00:00,61422.8313,62004.4965,61218.2062,61996.1114,123144
2022-09-05T00:00:00,61817.7507,63608.4727,61627.4169,63139.2478,83165
2022-09-06T00:00:00,63171.5199,63260.6795,62817.5124,62925.8356,117769
2022-09-07T00:00:00,62900.1731,63391.6428,62176.6928,62518.7458,109273
2022-09-08T00:00:00,62613.3791,62943.8253,62479.0482,62854.5841,90684
2022-09-09T00:00:00,63172.8506,64146.3949,63005.6800,63803.0337,114724
2022-09-12T00:00:00,63834.3342,64050.6506,62483.0778,62667.4853,91214
2022-09-13T00:00:00,62825.4787,63163.6018,61984.8114,62887.0303,128967
2022-09-14T00:00:00,62772.0126,63052.1522,62017.2697,62049.5965,84223
2022-09-15T00:00:00,62006.6584,62273.1034,61512.7650,61768.5321,128855
2022-09-16T00:00:00,61865.2267,62153.2242,60676.8195,61112.3761,140299
2022-09-19T00:00:00,60976.5644,61145.3755,60806.6057,60807.0447,121342
2022-09-20T00:00:00,60989.8348,61114.9833,60366.3196,60928.8929,69720
2022-09-21T00:00:00,61130.4825,61171.4705,60719.7906,60839.7612,74459
2022-09-22T00:00:00,60631.6690,60965.4170,59594.5932,60200.0023,86119
2022-09-23T00:00:00,60124.6780,60356.4104,60097.8646,60195.9436,140405
2022-09-26T00:00:00,60010.3406,60229.1620,59716.5998,59803.2701,140933
2022-09-27T00:00:00,60079.3342,60202.9260,59933.2460,60024.5930,132465
2022-09-28T00:00:00,59947.8415,61224.5350,59558.4070,61201.6024,133075
2022-09-29T00:00:00,61277.5731,62061.5860,61241.5411,61991.3761,68006
2022-09-30T00:00:00,62358.2557,62503.9871,62014.5054,62237.9378,117123
2022-10-03T00:00:00,62226.1403,62698.4242,61318.0140,61620.8059,51634
2022-10-04T00:00:00,61674.7958,62528.8709,61436.8241,62336.7121,106951
2022-10-05T00:00:00,62423.8487,63133.3262,62022.2241,63098.2792,83209
2022-10-06T00:00:00,63070.7113,63154.7567,62780.1065,62934.6457,145933
2022-10-07T00:00:00,62791.4566,63165.3258,62146.7132,62376.6620,118930
2022-10-10T00:00:00,62393.7402,63713.1940,60807.8552,60921.8855,133824
2022-10-11T00:00:00,61046.5257,61517.4928,60070.4213,60274.1471,140524
2022-10-12T00:00:00,60038.7570,60813.6045,59406.0931,59752.6437,82069
2022-10-13T00:00:00,60047.4174,60856.3404,59676.7040,60338.8877,109752
2022-10-14T00:00:00,60340.8685,60465.2162,59463.1353,59544.6374,62444
2022-10-17T00:00:00,59328.8947,59597.5595,59252.8092,59496.8116,119490
2022-10-18T00:00:00,59355.9509,59490.2035,58771.5494,59132.2297,73587
2022-10-19T00:00:00,59517.9789,60668.0396,59398.3471,60099.8549,136649
2022-10-20T00:00:00,59789.5501,60441.5943,59159.0201,60326.8747,106680
2022-10-21T00:00:00,60400.2881,60453.3976,59871.0079,60064.3487,103758
2022-10-24T00:00:00,60070.6669,60083.2230,59603.2394,59930.6336,82476
2022-10-25T00:00:00,60313.8710,60981.0425,59953.3514,60821.8222,85649
2022-10-26T00:00:00,60769.7916,61604.2981,60349.4050,60512.7134,80784
2022-10-27T00:00:00,60056.0091,60494.7141,59879.4077,59942.0850,70650
2022-10-28T00:00:00,59818.3195,61605.7673,59663.6278,61395.6072,133791
2022-10-31T00:00:00,61258.3921,62232.1494,60539.8808,61840.9829,149540
2022-11-01T00:00:00,61925.4834,63187.3743,61156.5086,62884.1182,55000
2022-11-02T00:00:00,63143.0192,64168.6263,62335.0059,63824.2604,136958
2022-11-03T00:00:00,63798.6389,64125.0495,62319.5847,63226.3199,94515
2022-11-04T00:00:00,63354.8877,63723.2661,62750.7221,63494.4291,69646
2022-11-07T00:00:00,63557.9675,64345.8634,62933.3063,63968.9138,87251
2022-11-08T00:00:00,63742.5092,63995.4031,62001.4942,62157.2731,80093
2022-11-09T00:00:00,62426.2703,62523.6713,61194.9078,61757.9506,58998
2022-11-10T00:00:00,61973.3523,62463.0401,61657.7756,61745.0416,54534
2022-11-11T00:00:00,61612.1504,61616.2489,60382.6651,61094.5306,58716
2022-11-14T00:00:00,61021.5422,62206.3682,60701.6002,62197.9398,104810
2022-11-15T00:00:00,62365.9620,63946.5383,62357.8029,63838.2625,96163
2022-11-16T00:00:00,63839.0224,64281.5908,62681.2519,62887.8182,67989
2022-11-17T00:00:00,62612.3110,62992.5256,61618.3608,62073.1502,128299
2022-11-18T00:00:00,61835.4687,62180.7328,61099.7788,61599.7350,102052
2022-11-21T00:00:00,61717.9103,61762.5813,61198.7199,61434.0625,110807
2022-11-22T00:00:00,61453.8497,62282.6524,60763.0607,62180.1433,129113
2022-11-23T00:00:00,62200.8128,63099.6478,61679.0734,63002.6020,99896
2022-11-24T00:00:00,63272.3948,63495.6129,62751.4017,63377.4011,137287
2022-11-25T00:00:00,63427.7229,64200.7271,63373.9071,63717.0267,93463
2022-11-28T00:00:00,63566.1875,63705.9282,63413.4199,63657.7121,140730
2022-11-29T00:00:00,63423.0398,63501.6439,62562.7938,62853.0911,64623
2022-11-30T00:00:00,62830.6275,63139.8049,62309.6384,62915.2242,102545
2022-12-01T00:00:00,62890.0505,64500.7465,62491.4487,63844.0015,67159
2022-12-02T00:00:00,63840.2822,64477.4933,63115.7858,64190.3281,128670
2022-12-05T00:00:00,64389.5227,64764.0165,64169.9787,64570.7193,147053
2022-12-06T00:00:00,64806.0418,65006.4941,63587.9795,64919.1052,64457
2022-12-07T00:00:00,64584.8530,65131.6604,64508.9108,64827.7493,139008
2022-12-08T00:00:00,64960.4789,65608.0839,64538.1244,65474.8900,57648
2022-12-09T00:00:00,66171.3140,66698.6299,65477.3733,66639.8527,72987
2022-12-12T00:00:00,66634.3203,67617.4377,66154.7665,67591.8952,143245
2022-12-13T00:00:00,67461.2454,68519.1087,67390.4657,67914.1048,53967
2022-12-14T00:00:00,67652.3833,68615.5601,67507.6028,68235.0014,119468
2022-12-15T00:00:00,68430.4891,68806.1666,67074.2388,67393.1580,89293
2022-12-16T00:00:00,67511.6834,67571.5189,66356.4182,66651.6871,84741
2022-12-19T00:00:00,66762.6188,67776.3539,66512.0836,67623.3730,71445
2022-12-20T00:00:00,67438.7071,68766.4179,66987.6250,67442.0819,117919
2022-12-21T00:00:00,67538.6233,67665.3044,66828.1318,66941.5184,119135
2022-12-22T00:00:00,66828.1530,67486.2090,66796.1100,67210.5704,76233
2022-12-23T00:00:00,66824.2082,67989.0644,66489.6642,67913.2658,86109
2022-12-26T00:00:00,68209.3026,70282.3348,67629.0225,69788.9834,122345
2022-12-27T00:00:00,69827.4124,70023.3308,69173.2596,69572.6630,58316
2022-12-28T00:00:00,69721.0709,69792.2958,68493.2205,69029.6221,55490
2022-12-29T00:00:00,68899.6070,69406.0498,68834.6579,69156.9270,109539
2022-12-30T00:00:00,69347.8122,69853.5727,69088.8557,69349.9544,63600
2023-01-02T00:00:00,69302.8299,69405.3019,67832.8855,68481.3589,64719
2023-01-03T00:00:00,68531.9562,69183.2646,68091.5933,69077.0668,88650
2023-01-04T00:00:00,69184.1663,69292.3338,68159.9824,68554.4885,71575
2023-01-05T00:00:00,68602.5431,68997.0014,68082.9207,68501.9522,130876
2023-01-06T00:00:00,68687.3219,69168.6066,67552.1625,68421.9997,71620
2023-01-09T00:00:00,68299.2624,69163.4482,66698.2477,66941.5189,73460
2023-01-10T00:00:00,66878.0065,67269.1061,66264.1571,66453.0978,56010
2023-01-11T00:00:00,66310.0796,67031.6583,66303.7476,66679.6173,65859
2023-01-12T00:00:00,66478.6255,67220.4876,65927.2215,66898.2551,73980
2023-01-13T00:00:00,67064.2963,67578.9433,66947.5017,67357.4924,108263
2023-01-16T00:00:00,67273.9601,67303.0417,65989.8236,66078.0056,89137
2023-01-17T00:00:00,66027.0754,66233.8485,65945.7964,66114.9381,99555
2023-01-18T00:00:00,65907.8683,66057.6901,64982.8384,65270.6849,52352
2023-01-19T00:00:00,65014.9218,66654.7396,64882.9003,66346.1854,116805
2023-01-20T00:00:00,66441.2346,68012.6431,65733.3320,67193.9534,86262
2023-01-23T00:00:00,66732.4325,66814.4605,65048.8024,65640.1567,112081
2023-01-24T00:00:00,65453.0288,65909.7195,64668.1838,65777.9049,137972
2023-01-25T00:00:00,65433.3680,66787.0994,65378.8447,66559.6004,100707
2023-01-26T00:00:00,66486.0217,67351.3837,66450.5346,67104.9808,69245
2023-01-27T00:00:00,67149.3540,68319.6185,67130.6231,68317.7625,104381
2023-01-30T00:00:00,68188.8108,69092.0312,68163.0376,68444.7081,104813
2023-01-31T00:00:00,68242.4652,68814.7069,66299.1406,67297.3625,83352
2023-02-01T00:00:00,67037.5465,68669.9679,66403.2910,68395.9908,119538
2023-02-02T00:00:00,68173.9492,68291.7394,65730.4188,65955.6306,112161
2023-02-03T00:00:00,65680.5552,65919.9617,65345.4510,65600.6558,124896
2023-02-06T00:00:00,65447.5703,65449.2234,64797.0506,65171.5404,67778
2023-02-07T00:00:00,65062.1164,65209.3845,64819.8411,64881.3712,60222
2023-02-08T00:00:00,64852.4605,65547.8435,64101.1118,64316.1263,98069
2023-02-09T00:00:00,64535.4351,65938.9264,64434.0652,65841.8687,75389
2023-02-10T00:00:00,65461.5741,65989.9566,64826.7705,65246.8612,75181
2023-02-13T00:00:00,65206.5572,65567.1628,63725.0901,64332.2322,134271
2023-02-14T00:00:00,64460.5856,65039.5985,63064.5272,63372.5758,112299
2023-02-15T00:00:00,63553.2323,63837.6196,61855.0634,62132.6194,116936
2023-02-16T00:00:00,62147.9549,63064.6479,62101.8262,62524.9383,144100
2023-02-17T00:00:00,62632.0486,62794.4755,62024.3934,62414.0454,113146
2023-02-20T00:00:00,62039.0190,63174.3700,62030.0655,63045.0645,121326
2023-02-21T00:00:00,63089.4591,63263.6250,62444.9767,63114.1343,149362
2023-02-22T00:00:00,63247.9961,64126.2210,63162.7809,63614.1808,98304
2023-02-23T00:00:00,63489.8056,64105.8616,62745.2184,63858.1044,78373
2023-02-24T00:00:00,63634.7899,64332.8048,62486.3720,64219.3840,88934
2023-02-27T00:00:00,64156.8876,64207.3599,63326.3814,63479.2841,67508
2023-02-28T00:00:00,63739.8833,64580.9575,63408.7413,64578.0567,62036
2023-03-01T00:00:00,64565.2684,64816.3914,64500.1851,64667.8666,112529
2023-03-02T00:00:00,64652.1516,65345.1702,64621.1641,65066.8673,75958
2023-03-03T00:00:00,65117.5520,65382.6263,64960.2939,65185.2247,57841
2023-03-06T00:00:00,65254.6373,66072.2854,65251.1130,65872.7673,136725
2023-03-07T00:00:00,65720.3209,65885.0822,65442.8086,65780.8035,55764
2023-03-08T00:00:00,65575.4698,65745.8500,65141.2991,65306.4159,143888
2023-03-09T00:00:00,65618.6112,66144.8046,64015.9877,64206.9059,122496
2023-03-10T00:00:00,64222.0292,64413.5689,64095.3101,64342.4615,57465
2023-03-13T00:00:00,64189.4547,65072.4240,63867.5303,64942.9961,51047
2023-03-14T00:00:00,65034.6839,66851.6637,65009.8849,66485.3100,131011
2023-03-15T00:00:00,66549.3974,66986.1326,65299.5480,65613.6317,132765
2023-03-16T00:00:00,65661.5181,66247.7363,63552.2243,63968.5454,90226
2023-03-17T00:00:00,63938.2319,63991.1511,63486.2626,63519.7713,107681
2023-03-20T00:00:00,63539.9811,64391.9441,63234.5924,64103.7544,131075
2023-03-21T00:00:00,63968.2269,64731.1452,63783.5880,64587.9452,140514
2023-03-22T00:00:00,64559.8390,65037.0528,64149.4399,64792.9230,71133
2023-03-23T00:00:00,64785.0924,64862.4586,63894.0500,64056.8978,60582
2023-03-24T00:00:00,64140.3581,64597.3788,64123.6026,64561.0803,100257
2023-03-27T00:00:00,64456.0979,65451.3728,64290.8513,64748.3031,70468
2023-03-28T00:00:00,64842.0639,64845.6931,64353.8933,64492.6930,148750
2023-03-29T00:00:00,64156.7742,64846.0628,63867.0712,64789.3973,120604
2023-03-30T00:00:00,64840.4648,65576.7911,64207.6131,65261.0338,82222
2023-03-31T00:00:00,65317.1172,65991.6710,65306.1149,65824.0975,113472
2023-04-03T00:00:00,65670.8678,66359.1438,65274.4799,66262.1973,138763
2023-04-04T00:00:00,66392.3501,66780.2478,65723.8271,65735.4990,61413
2023-04-05T00:00:00,65853.8330,66274.9045,64959.5949,65085.0526,91936
2023-04-06T00:00:00,65005.8328,65596.6597,64780.6944,65286.8965,101523
2023-04-07T00:00:00,65489.3920,66031.5496,65359.8509,65656.0499,109457
2023-04-10T00:00:00,65733.1935,66651.7218,65410.6578,65591.8529,123799
2023-04-11T00:00:00,65498.9969,66696.8148,65479.1381,66393.7728,136747
2023-04-12T00:00:00,66711.9339,68251.4169,66699.6536,68027.8123,134021
2023-04-13T00:00:00,67814.7547,68075.9088,66195.8731,66665.3281,101160
2023-04-14T00:00:00,66720.2235,67045.3534,66367.4742,66711.5027,75071
2023-04-17T00:00:00,66769.5819,67358.4694,66018.7056,66153.4806,69598
2023-04-18T00:00:00,66113.9236,67303.4711,65945.3428,66959.3724,128712
2023-04-19T00:00:00,66847.5555,67056.4617,66287.6014,66873.5549,127080
2023-04-20T00:00:00,66562.8545,66612.6438,66004.0182,66167.3354,86585
2023-04-21T00:00:00,66200.2764,66635.3262,65710.8124,66296.5318,133387
2023-04-24T00:00:00,66366.4770,67068.9859,65993.4073,66621.3760,111705
2023-04-25T00:00:00,66668.6154,66872.5160,66519.1213,66534.6444,112920
2023-04-26T00:00:00,66707.2714,66853.0578,65616.7737,66032.7669,93076
2023-04-27T00:00:00,66167.6108,66387.7622,65783.8844,66219.9309,77853
2023-04-28T00:00:00,66037.1019,66102.7691,65347.2506,65486.9530,119375
2023-05-01T00:00:00,65411.2364,66000.9924,64946.3613,65476.0149,111002
2023-05-02T00:00:00,65415.1546,66174.4157,65400.5121,65719.4333,123625
2023-05-03T00:00:00,65638.0436,66171.1337,65547.5714,66030.8771,113122
2023-05-04T00:00:00,65786.3409,66565.5647,65609.5876,66287.8611,100648
2023-05-05T00:00:00,66416.3844,66479.2728,66010.4820,66219.1005,107926
2023-05-08T00:00:00,66153.3819,67479.1310,65586.6452,67343.7731,117668
2023-05-09T00:00:00,67005.7045,67781.0740,66683.8485,67399.3950,110126
2023-05-10T00:00:00,67347.0520,67633.1582,67227.2729,67417.4115,94089
2023-05-11T00:00:00,67538.7019,67692.8594,66971.4746,67396.1522,74471
2023-05-12T00:00:00,67327.5998,67681.3960,67186.7748,67498.0721,92064
2023-05-15T00:00:00,67345.0811,68536.6979,67018.5697,68294.2432,104592
2023-05-16T00:00:00,68560.2348,69585.7467,68405.7683,69333.2500,87448
2023-05-17T00:00:00,69294.1819,69665.6888,67841.6476,68385.8177,144966
2023-05-18T00:00:00,68601.7027,69017.1899,68545.4453,68728.9745,96484
2023-05-19T00:00:00,68636.1066,70141.0042,68133.4592,69484.0973,147645
2023-05-22T00:00:00,69640.8745,69856.6258,69213.2751,69611.6850,120104
2023-05-23T00:00:00,69669.8318,69979.1717,69591.7491,69666.3669,115606
2023-05-24T00:00:00,69760.9892,71726.6048,69469.6274,71648.4169,64296
2023-05-25T00:00:00,71439.4667,72262.6346,71342.1960,72092.8012,114894
2023-05-26T00:00:00,71901.8852,71914.5323,70579.7616,71161.9912,123087
2023-05-29T00:00:00,71175.1449,71231.2259,70845.5887,70856.7198,135968
2023-05-30T00:00:00,71176.1238,71471.1855,70667.6292,70712.4099,103588
2023-05-31T00:00:00,70636.9099,70702.6420,70311.6688,70572.1173,100731
2023-06-01T00:00:00,70718.0892,71396.6974,70618.5407,71301.9793,101220
2023-06-02T00:00:00,71226.1532,72310.2019,70895.6602,72303.3872,55429
2023-06-05T00:00:00,72339.4088,73383.1342,72210.5917,73041.8322,135073
2023-06-06T00:00:00,73296.0741,74583.1717,72576.5844,74083.7943,102496
2023-06-07T00:00:00,73893.1178,74970.3141,73249.3394,74402.4993,91337
2023-06-08T00:00:00,74499.0731,74753.1225,74004.4898,74525.1217,121260
2023-06-09T00:00:00,74639.5324,75492.3924,74610.5829,75330.9916,80075
2023-06-12T00:00:00,75569.1925,75629.3678,75278.6242,75363.7367,91613
2023-06-13T00:00:00,75480.0036,76315.3638,74989.9872,75730.0449,82878
2023-06-14T00:00:00,75482.7852,76176.5465,74947.7417,75551.2114,106791
2023-06-15T00:00:00,75184.2116,75409.4334,75000.0392,75175.5070,123932
2023-06-16T00:00:00,75167.0819,76168.3685,75001.6849,75816.9186,85847
2023-06-19T00:00:00,75591.6057,77034.7013,75327.9420,76203.1002,56173
2023-06-20T00:00:00,75920.1174,76181.8258,75719.8003,75910.0035,59918
2023-06-21T00:00:00,75772.9346,76866.8112,75739.9584,76535.4995,124945
2023-06-22T00:00:00,76504.7979,77710.5330,75845.8130,76706.0614,50707
2023-06-23T00:00:00,76219.8236,76631.1034,74676.0854,75129.6272,86889
2023-06-26T00:00:00,75032.0524,76741.2817,74823.6312,76403.0041,99763
2023-06-27T00:00:00,76022.1900,76247.7383,75956.3470,76057.1441,75196
2023-06-28T00:00:00,76005.8933,78660.7993,75599.0285,77829.8675,90229
2023-06-29T00:00:00,77751.3631,80520.3976,77067.5855,79334.4838,133153
2023-06-30T00:00:00,79236.4358,80531.2582,78480.6077,80172.6271,114227
2023-07-03T00:00:00,80556.3346,81989.5037,80355.7820,81334.4330,105209
2023-07-04T00:00:00,81647.5204,82787.4002,81077.1621,81236.1829,125273
2023-07-05T00:00:00,81213.5820,81408.9463,80709.5886,81367.1935,117964
2023-07-06T00:00:00,81910.4335,82677.7350,81503.1623,81891.0214,94051
2023-07-07T00:00:00,81893.3671,82393.2721,80975.9231,81144.2070,61797
2023-07-10T00:00:00,80975.7190,82849.3524,80871.1401,82627.4035,133401
2023-07-11T00:00:00,82470.6202,82658.9756,81442.4516,81602.7871,81005
2023-07-12T00:00:00,81904.0326,82203.4670,81590.4830,81748.8423,91481
2023-07-13T00:00:00,81293.3558,82005.2692,80385.2719,81074.8139,97239
2023-07-14T00:00:00,81328.8731,82265.8760,80821.8525,81736.5185,142817
2023-07-17T00:00:00,81362.6136,82277.2817,80815.9359,81626.2674,60522
2023-07-18T00:00:00,81619.1594,81902.0458,81065.6631,81233.6766,84626
2023-07-19T00:00:00,81350.2528,82839.8281,81029.6294,82335.7985,88855
2023-07-20T00:00:00,81912.9005,82323.2514,80769.8261,81270.2336,98047
2023-07-21T00:00:00,81486.3054,81700.0165,81149.6567,81584.1176,76126
2023-07-24T00:00:00,81544.8162,81552.7141,80309.7214,80485.2428,132483
2023-07-25T00:00:00,80210.2855,82104.4654,79937.0157,81483.8435,105953
2023-07-26T00:00:00,82015.3550,82563.7852,81737.3586,81892.8699,73132
2023-07-27T00:00:00,81895.1113,82227.2582,80758.0053,81643.7490,53507
2023-07-28T00:00:00,81542.8464,81961.4011,80412.5263,80550.7313,65155
2023-07-31T00:00:00,80943.3144,81018.9162,80437.9787,80643.7760,128407
2023-08-01T00:00:00,80675.5076,82171.8468,80530.8818,81514.3236,62080
2023-08-02T00:00:00,81544.5145,82445.3935,79822.9549,80467.9506,118927
2023-08-03T00:00:00,80079.5213,82164.6285,79689.8362,82084.4571,135761
2023-08-04T00:00:00,82056.5046,82057.0071,81400.4196,81499.4706,103720
2023-08-07T00:00:00,81494.9085,82523.9895,81235.6554,82519.2519,98486
2023-08-08T00:00:00,82490.5346,83608.8496,81910.9174,83505.6926,137381
2023-08-09T00:00:00,83771.8363,86117.6378,83228.3373,85685.4126,104378
2023-08-10T00:00:00,85653.3479,86273.6648,83653.2210,84609.2151,127521
2023-08-11T00:00:00,84603.9658,85604.2081,84417.4045,85155.9704,128728
2023-08-14T00:00:00,85185.1347,87103.2525,84586.6731,86525.0303,144363
2023-08-15T00:00:00,86190.4938,86578.0308,85885.1948,86358.7403,144987
2023-08-16T00:00:00,86833.6177,88763.5517,86665.9398,88650.3762,140173
2023-08-17T00:00:00,88926.0195,91167.8515,87839.7601,89978.2781,80931
2023-08-18T00:00:00,90045.0283,90146.7144,89818.2314,89993.1945,52967
2023-08-21T00:00:00,89301.3759,89719.9543,87264.1961,88214.5416,128482
2023-08-22T00:00:00,88109.4640,88607.7532,88052.4694,88273.6372,102670
2023-08-23T00:00:00,88084.1980,89569.8378,87306.2758,89298.3045,91727
2023-08-24T00:00:00,89190.3307,90137.7842,89134.3757,89452.0418,147254
2023-08-25T00:00:00,89318.3116,89474.8385,88858.7768,89324.3128,120208
2023-08-28T00:00:00,90005.5844,91183.1137,88753.6162,89129.6825,135863
2023-08-29T00:00:00,89179.2476,90034.0495,89132.9658,89316.4293,118572
2023-08-30T00:00:00,89036.4285,89244.0931,88212.3640,88304.0362,101924
2023-08-31T00:00:00,88369.2877,89343.8739,87681.5403,88522.3843,145716
2023-09-01T00:00:00,88589.3269,89243.9696,87880.1752,88852.0004,101976
2023-09-04T00:00:00,88459.8483,88466.8077,87803.7202,87821.8962,56790
2023-09-05T00:00:00,88018.5983,88289.3831,85056.5059,85509.9105,83554
2023-09-06T00:00:00,85484.4859,85895.9873,85088.5768,85845.1185,108563
2023-09-07T00:00:00,85615.7593,85935.9249,85113.1801,85678.1239,73438
2023-09-08T00:00:00,85795.9584,86027.6689,85261.1495,85578.1069,97899
2023-09-11T00:00:00,85626.6102,85681.8603,84201.9041,84939.5186,76024
2023-09-12T00:00:00,84746.2447,85080.1196,84519.8118,84846.9957,73221
2023-09-13T00:00:00,84774.6603,85969.8147,84024.6280,85855.9702,129031
2023-09-14T00:00:00,85755.1162,85898.4438,85372.1053,85865.8299,71783
2023-09-15T00:00:00,85198.5537,87355.3108,84850.9100,87017.4401,141100
2023-09-18T00:00:00,87275.6986,88044.1467,86582.7698,87431.8940,128230
2023-09-19T00:00:00,87188.3169,89317.7030,86893.1883,88997.9053,109329
2023-09-20T00:00:00,88981.7144,89018.8283,87917.5777,87997.6866,99897
2023-09-21T00:00:00,87926.9338,88666.4438,87776.8603,88412.4112,70558
2023-09-22T00:00:00,88899.8214,89344.3502,87058.2639,87257.9168,143073
2023-09-25T00:00:00,87518.9740,89373.7826,87403.8994,89043.8549,63569
2023-09-26T00:00:00,88803.1828,88995.0438,85805.2967,87057.7287,95375
2023-09-27T00:00:00,86965.9290,87744.1071,85753.6526,87565.0071,57165
2023-09-28T00:00:00,87661.7027,89215.2342,87524.6449,88779.6770,68284
2023-09-29T00:00:00,89013.5925,90835.2683,88840.4051,90154.5143,126227
2023-10-02T00:00:00,89510.2372,89843.4002,89112.5166,89298.7591,57669
2023-10-03T00:00:00,89133.7035,91638.0026,88843.8687,91061.3624,66033
2023-10-04T00:00:00,90890.0941,92637.8089,89964.7029,92366.4660,147257
2023-10-05T00:00:00,92002.4581,92963.2519,91495.3800,92609.9844,69079
2023-10-06T00:00:00,93333.0881,94276.4885,92361.5927,92505.4283,90053
2023-10-09T00:00:00,92662.3011,93532.4886,91862.0035,93107.3619,71159
2023-10-10T00:00:00,93302.8431,93834.6892,92677.7538,93633.6253,115279
2023-10-11T00:00:00,93459.7009,94327.8200,93414.2084,93849.0941,54154
2023-10-12T00:00:00,93823.1277,96078.7904,93358.1442,95635.0765,112390
2023-10-13T00:00:00,95524.8793,97326.2206,95022.3296,96753.7431,91696
2023-10-16T00:00:00,96442.0454,97078.3028,95256.9892,96362.5695,73334
2023-10-17T00:00:00,96884.6966,97140.4331,96004.0959,96236.1607,100885
2023-10-18T00:00:00,96473.6147,97066.1447,95661.1467,96622.2960,73511
2023-10-19T00:00:00,96475.5394,96924.2410,96223.5825,96376.6573,59693
2023-10-20T00:00:00,96274.2387,96907.1856,95288.1913,95532.6999,142256
2023-10-23T00:00:00,95254.4866,96066.1139,95247.5612,95393.2857,76907
2023-10-24T00:00:00,95032.5634,95273.4904,94488.7874,94546.6311,99750
2023-10-25T00:00:00,94143.9840,95017.9849,94058.5613,94564.9613,94273
2023-10-26T00:00:00,95004.6503,96393.4862,93944.2769,96287.6879,129795
2023-10-27T00:00:00,96269.4782,99670.9160,96254.3672,99042.7762,105517
2023-10-30T00:00:00,99368.3183,99860.5166,99100.5627,99155.5529,134114
2023-10-31T00:00:00,98883.5752,99247.0831,98494.4526,99110.3990,133414
2023-11-01T00:00:00,99382.7894,100172.2232,96111.8216,96549.0463,129742
2023-11-02T00:00:00,96423.2467,96537.3792,94299.7164,94634.4846,131472
2023-11-03T00:00:00,94564.7060,95716.6106,94505.6312,95608.6098,101181
2023-11-06T00:00:00,95328.3336,98267.1104,94526.5547,97275.4511,143250
2023-11-07T00:00:00,97209.7769,97349.4148,96874.3759,97117.4444,148218
2023-11-08T00:00:00,97291.1765,97643.9261,95988.2277,96807.4266,125810
2023-11-09T00:00:00,97212.0718,97968.1094,96548.8647,97302.0605,55856
2023-11-10T00:00:00,97639.3138,97902.2094,95269.5952,96410.3721,106914
2023-11-13T00:00:00,96798.2800,97371.4100,96434.7741,96463.6707,85338
2023-11-14T00:00:00,96633.5381,97092.9378,96233.5946,96974.2089,115362
2023-11-15T00:00:00,97045.0820,97551.3371,95479.3789,95528.9578,77287
2023-11-16T00:00:00,95687.9377,98021.4896,94433.6900,97475.6664,83058
2023-11-17T00:00:00,98055.0036,98421.0659,95778.0097,97158.5569,111937
2023-11-20T00:00:00,97648.7350,97885.9779,97012.9498,97421.8824,102255
2023-11-21T00:00:00,97343.6752,98083.4985,96795.2925,97611.3224,97302
2023-11-22T00:00:00,97603.7820,97846.2240,96236.7342,96962.4473,74132
2023-11-23T00:00:00,96910.6164,98067.0114,96735.3638,97546.4187,102691
2023-11-24T00:00:00,97943.9608,98461.0917,97353.1985,97659.4673,73538
2023-11-27T00:00:00,96931.4329,98107.1617,96502.7822,97656.3980,118563
2023-11-28T00:00:00,97685.4701,98563.5277,95397.0531,96450.2289,140255
2023-11-29T00:00:00,96447.5665,98872.1057,96435.6949,98148.2225,68937
2023-11-30T00:00:00,98158.3887,98596.4052,97401.2774,98002.5558,77257
2023-12-01T00:00:00,97912.8090,98336.5919,95422.2646,96312.4123,114772
2023-12-04T00:00:00,96239.8062,96448.2237,95129.6423,95222.6556,97484
2023-12-05T00:00:00,95702.3755,95874.9456,95078.0267,95141.0414,76942
2023-12-06T00:00:00,95053.8507,95401.9869,93744.4001,94100.2716,107317
2023-12-07T00:00:00,94091.6360,94512.0378,92574.2133,93141.3550,111566
2023-12-08T00:00:00,93493.1794,94026.3169,93379.8663,93917.3565,97366
2023-12-11T00:00:00,94008.2252,94457.2228,93674.4693,94046.8315,60561
2023-12-12T00:00:00,94488.2500,95117.0924,93907.7583,93960.1407,81559
2023-12-13T00:00:00,94078.3176,94189.3404,93716.9471,94029.5982,136566
2023-12-14T00:00:00,93788.6282,94579.9702,93155.8736,93735.2676,75742
2023-12-15T00:00:00,93829.6669,94255.0120,92276.8405,92417.2629,93685
2023-12-18T00:00:00,92224.9742,92798.3469,91892.4645,92458.8609,80371
2023-12-19T00:00:00,92495.1569,93438.3455,91336.1752,91491.7382,95466
2023-12-20T00:00:00,91144.6595,93329.9834,91026.4714,92523.4194,90143
2023-12-21T00:00:00,92342.8942,92555.4466,90320.2581,91017.1807,144977
2023-12-22T00:00:00,90828.5981,91437.5541,89456.4811,89715.0438,72598
2023-12-25T00:00:00,89750.6829,90158.7115,88598.5809,88649.4726,121167
2023-12-26T00:00:00,88878.4074,89010.6472,88536.4399,88975.2098,111352
2023-12-27T00:00:00,89015.9844,90200.4602,89004.2783,89902.7451,141274
2023-12-28T00:00:00,90179.7083,90993.0093,89408.4524,90618.3046,89125
2023-12-29T00:00:00,90317.3658,90372.3465,88817.3051,89554.2453,107891
2024-01-01T00:00:00,89550.8019,91491.4137,89340.1727,90961.4260,148707
2024-01-02T00:00:00,91220.9661,92768.1105,90568.3583,92430.5767,145034
2024-01-03T00:00:00,92384.8458,94113.9211,92289.3581,93573.9311,66705
2024-01-04T00:00:00,93225.5301,93425.3614,91513.0239,91836.8748,130602
2024-01-05T00:00:00,91724.2326,92374.8527,91410.4205,91972.0473,102982
2024-01-08T00:00:00,92270.5695,92683.4797,92080.2782,92204.0917,125892
2024-01-09T00:00:00,92377.6716,92987.9759,91719.4668,92734.3208,132843
2024-01-10T00:00:00,92599.1449,93471.5054,92153.6832,93106.8107,52415
2024-01-11T00:00:00,92866.9669,94077.0145,92545.2889,93835.7471,137262
2024-01-12T00:00:00,93998.4435,94101.4179,93499.3347,93709.9627,58570
2024-01-15T00:00:00,93814.9866,93864.1071,91816.0756,92347.4886,119538
2024-01-16T00:00:00,92768.6036,93274.0763,92522.0793,93070.2026,120344
2024-01-17T00:00:00,93004.1394,93240.1830,91983.1231,92206.7330,97391
2024-01-18T00:00:00,92109.7689,93261.2976,91558.3680,93030.4364,110928
2024-01-19T00:00:00,93195.4172,93305.9680,92505.4860,93141.3994,65022
2024-01-22T00:00:00,93349.0371,93811.2083,92977.4077,93159.2336,132766
2024-01-23T00:00:00,93461.4887,93669.2252,92369.8003,92751.5367,120639
2024-01-24T00:00:00,92853.1251,94987.3146,92614.1618,94751.0731,86427
2024-01-25T00:00:00,94801.2887,97022.4692,94588.2509,96309.3320,56264
2024-01-26T00:00:00,96472.7631,96659.9285,95356.4267,95462.9395,54424
2024-01-29T00:00:00,95047.4681,98051.0078,94492.3612,97264.7641,56264
2024-01-30T00:00:00,97304.8688,97523.6819,97018.8528,97424.3831,77266
2024-01-31T00:00:00,97237.4980,97477.6094,95463.2919,95945.8318,78904
2024-02-01T00:00:00,95737.5815,95968.7058,95122.9750,95400.6327,79216
2024-02-02T00:00:00,95397.6686,95807.3529,94806.2417,95569.9960,76866
2024-02-05T00:00:00,95921.1928,97710.4122,95810.3859,97138.0667,81188
2024-02-06T00:00:00,97447.1533,97961.6207,95898.2737,96389.7261,119238
2024-02-07T00:00:00,96141.2475,96580.9649,95776.0718,96138.2943,96860
2024-02-08T00:00:00,95847.0024,96090.3264,94657.9812,95633.5121,72396
2024-02-09T00:00:00,95834.1043,96789.4863,95664.2898,95947.0114,112036
2024-02-12T00:00:00,95912.4205,97148.3073,95244.4694,96523.7977,118365
2024-02-13T00:00:00,96381.1317,96847.7114,94771.6153,94905.8431,105286
2024-02-14T00:00:00,95441.9633,96231.2459,93013.4588,93454.6804,57438
2024-02-15T00:00:00,93466.6880,96544.1375,93315.0658,95986.7516,80983
2024-02-16T00:00:00,96174.1688,96364.6137,95282.2406,95293.6850,149328
2024-02-19T00:00:00,95428.2693,95999.2452,94993.2026,95473.7053,61062
2024-02-20T00:00:00,94952.9288,95695.5049,93783.8322,94097.7222,109189
2024-02-21T00:00:00,93971.7274,94960.2348,93459.9190,93685.3416,117418
2024-02-22T00:00:00,93738.1643,95155.8441,93623.3975,94741.6416,107775
2024-02-23T00:00:00,94711.2011,94840.9794,93902.2212,94579.0547,71434
2024-02-26T00:00:00,94939.1538,96259.0524,93912.3693,95651.9287,105875
2024-02-27T00:00:00,95926.0124,96809.3683,95052.3234,96741.0370,122415
2024-02-28T00:00:00,96745.3880,97594.1828,96230.5726,96414.3040,64050
2024-02-29T00:00:00,96432.0356,96942.6603,95965.6313,96659.1444,145805
2024-03-01T00:00:00,96578.0684,97401.0735,96306.3417,97254.9105,113512
2024-03-04T00:00:00,96829.4409,97431.0497,95174.2952,95340.5844,88284
2024-03-05T00:00:00,95421.7558,95488.4419,94477.2898,94772.8575,99510
2024-03-06T00:00:00,94945.0565,95136.7119,93770.3491,94806.1729,117446
2024-03-07T00:00:00,94945.6802,95223.1042,94554.9254,95191.4117,134459
2024-03-08T00:00:00,94988.3166,95311.7457,91928.6649,92496.1238,88311
2024-03-11T00:00:00,92441.2642,92944.1821,91199.5461,91391.6473,88406
2024-03-12T00:00:00,91320.8025,92612.1259,91038.1048,91265.0093,87125
2024-03-13T00:00:00,91202.7263,92510.5792,90648.9153,91656.7096,68036
2024-03-14T00:00:00,91387.4289,91445.9797,90801.0305,91385.8689,73887
2024-03-15T00:00:00,91521.7643,93720.4464,91091.3390,92897.4602,53345
2024-03-18T00:00:00,92994.3060,94333.7622,92458.8806,93969.2624,124580
2024-03-19T00:00:00,93995.2989,94831.0971,92231.0879,92506.0212,64772
2024-03-20T00:00:00,92539.5177,93696.9348,92371.5944,92757.8941,88097
2024-03-21T00:00:00,92819.2760,93327.4615,92303.0598,92967.7948,141631
2024-03-22T00:00:00,93078.3255,93253.5477,92783.7892,93184.2287,61215
2024-03-25T00:00:00,93316.7329,94959.0220,92996.3730,94774.5776,103552
2024-03-26T00:00:00,94650.2651,95607.1966,94346.5830,94936.2359,88801
2024-03-27T00:00:00,94849.5328,95153.0893,94430.8538,94697.4629,83576
2024-03-28T00:00:00,95342.1713,95870.6395,94960.8941,95283.6963,104184
2024-03-29T00:00:00,95437.0244,96163.5653,94338.9070,94984.5548,87210
2024-04-01T00:00:00,94803.7541,95292.7194,91917.0827,92041.3112,79281
2024-04-02T00:00:00,92042.0588,92467.9163,88520.1344,89772.2640,68570
2024-04-03T00:00:00,89325.6138,90577.2747,89043.4983,90549.2333,147975
2024-04-04T00:00:00,90513.9964,91035.0839,87403.5028,87995.9400,145874
2024-04-05T00:00:00,88297.1084,89954.2432,85877.0189,87208.7120,133922
2024-04-08T00:00:00,86808.0712,87164.0724,83838.6132,84274.8771,106407
2024-04-09T00:00:00,84598.5852,86560.6984,84304.4409,85831.3421,77968
2024-04-10T00:00:00,85663.1165,87069.3532,85099.0309,86847.8704,135721
2024-04-11T00:00:00,87067.6898,87647.8732,86157.1608,86803.6704,68976
2024-04-12T00:00:00,86913.2684,87396.7463,85937.2569,86114.9006,50109
2024-04-15T00:00:00,86132.4182,86344.6624,85549.3243,85943.5817,149137
2024-04-16T00:00:00,85877.0484,85963.1177,84983.8418,85377.4514,98153
2024-04-17T00:00:00,85283.8690,85817.7488,82752.2544,82974.9562,81771
2024-04-18T00:00:00,82788.4219,83198.5322,82191.3509,83166.9334,118551
2024-04-19T00:00:00,83440.2814,85179.2357,83364.5541,84815.1431,111658
2024-04-22T00:00:00,84853.9440,85220.8394,84673.5665,84919.1435,123070
2024-04-23T00:00:00,84548.4233,84735.2043,83606.6414,83644.2810,59835
2024-04-24T00:00:00,83938.7294,84398.4232,83203.0624,84023.7681,104781
2024-04-25T00:00:00,84186.9402,84783.6644,82675.0440,83178.2317,52560
2024-04-26T00:00:00,83186.8303,83371.3690,83020.0376,83267.6166,103154
2024-04-29T00:00:00,83523.1531,84635.2809,83078.6697,84408.4063,62033
2024-04-30T00:00:00,84198.2238,84718.6871,82022.9193,82475.4652,108205
2024-05-01T00:00:00,82738.7770,83176.7848,81274.1852,81342.5105,127437
2024-05-02T00:00:00,81143.2055,81744.0609,80052.7610,80092.7744,76338
2024-05-03T00:00:00,79843.5771,80024.0205,78923.7377,78935.4144,63154
2024-05-06T00:00:00,78632.0676,79542.4585,77450.8270,77503.9411,79007
2024-05-07T00:00:00,77216.9590,77542.6325,76744.2853,77374.7956,142059
2024-05-08T00:00:00,77123.1514,77592.1807,76995.4593,77055.1428,149963
2024-05-09T00:00:00,77297.8461,78087.3328,76936.6942,77419.3754,65066
2024-05-10T00:00:00,77575.8700,78956.3105,77065.2044,78260.9425,94449
2024-05-13T00:00:00,78192.8653,79231.2981,77966.0150,78959.3198,51139
2024-05-14T00:00:00,79181.6967,79369.5212,78032.9125,78235.7982,139040
2024-05-15T00:00:00,78235.2884,78395.3728,77382.3097,77693.9321,94589
2024-05-16T00:00:00,77629.4761,78049.6394,77080.8576,77259.5563,64391
2024-05-17T00:00:00,77282.3428,77995.6482,76473.3177,76640.6749,97007
2024-05-20T00:00:00,76998.8514,77039.9516,75659.4884,75803.5936,110339
2024-05-21T00:00:00,75598.9164,75890.6783,75418.9667,75586.3948,114326
2024-05-22T00:00:00,76086.7598,77584.4754,75869.8986,76923.6007,82036
2024-05-23T00:00:00,76835.5807,76875.7063,74435.3624,74569.5170,100408
2024-05-24T00:00:00,74764.1032,76485.2782,74464.4229,75544.9313,74880
2024-05-27T00:00:00,75341.9457,75739.2416,74206.1898,74903.1417,125933
2024-05-28T00:00:00,74771.5310,75739.9053,74035.2966,75478.3355,96355
2024-05-29T00:00:00,75559.3933,76138.2881,74759.5115,75691.1924,99629
2024-05-30T00:00:00,75547.1353,75755.1076,74428.0715,74649.2265,147461
2024-05-31T00:00:00,74548.9545,74740.8917,73454.6224,74073.4268,111326
2024-06-03T00:00:00,74114.5566,75029.2041,71787.4834,72657.0509,90672
2024-06-04T00:00:00,72520.8441,72902.7788,71397.2113,71633.6948,114727
2024-06-05T00:00:00,71503.5993,72522.0893,70822.7680,72040.7067,117622
2024-06-06T00:00:00,72169.1553,72392.3413,70970.7612,71245.3736,81536
2024-06-07T00:00:00,71580.4732,72764.9275,71393.1903,72412.2602,87832
2024-06-10T00:00:00,72508.9899,73347.0494,71753.9856,72699.9666,58396
2024-06-11T00:00:00,72688.4137,74285.6703,71737.2411,74136.4038,85280
2024-06-12T00:00:00,73977.1189,74105.2288,73434.6316,73921.6848,77821
2024-06-13T00:00:00,73913.8977,74472.6984,72860.4065,73516.4953,82612
2024-06-14T00:00:00,73559.8944,74605.6932,73164.7523,73849.6880,110303
2024-06-17T00:00:00,74112.7259,74457.4374,73805.2408,74050.1811,53483
2024-06-18T00:00:00,73852.7631,74567.3082,73774.2187,74117.8922,142253
2024-06-19T00:00:00,74330.8850,74950.1528,72631.6348,73244.1708,59016
2024-06-20T00:00:00,73143.4321,73552.9917,72564.8841,72831.8536,65630
2024-06-21T00:00:00,73143.0278,74099.7178,72208.0943,72919.3187,125792
2024-06-24T00:00:00,72756.1096,72878.2394,71073.8832,71754.0270,65800
2024-06-25T00:00:00,71517.7859,72252.7205,71110.0855,71180.9961,118903
2024-06-26T00:00:00,70812.5469,70904.8490,69794.6605,69972.7345,64507
2024-06-27T00:00:00,70101.4755,70484.9592,70001.5726,70104.6701,93900
2024-06-28T00:00:00,69818.4558,70063.2173,69048.0435,69917.7191,83167
2024-07-01T00:00:00,70149.7906,70726.5256,68650.5043,68654.5394,59309
2024-07-02T00:00:00,68717.6619,68800.2843,67590.2759,68341.8633,109086
2024-07-03T00:00:00,68227.6828,68524.8153,67252.3483,67290.2978,96237
2024-07-04T00:00:00,67275.3296,68638.1284,67127.6570,68448.2386,69755
2024-07-05T00:00:00,68161.3983,69481.2083,67748.0654,67772.4218,133538
2024-07-08T00:00:00,67678.1470,68442.4978,66613.3710,67884.2024,67812
2024-07-09T00:00:00,67899.6216,68178.9231,66032.1751,66145.1161,62047
2024-07-10T00:00:00,66224.9276,67390.1729,65672.3886,66616.8817,97377
2024-07-11T00:00:00,66757.5194,67228.2559,66134.0482,67193.1618,122000
2024-07-12T00:00:00,67231.3873,67706.0128,66038.4133,66167.6538,87018
2024-07-15T00:00:00,65854.3363,66164.1734,65486.0582,66072.1745,106684
2024-07-16T00:00:00,66112.2103,66481.8612,65848.3832,66173.4123,53250
2024-07-17T00:00:00,66372.5664,67439.2913,66081.4552,66662.4690,53019
2024-07-18T00:00:00,66577.9275,67281.4257,66360.4048,67192.5027,109036
2024-07-19T00:00:00,67306.2927,67398.4741,66254.7889,66436.8091,51515
2024-07-22T00:00:00,66451.8510,66576.2885,64946.2342,65687.1705,58342
2024-07-23T00:00:00,65756.7703,66387.8784,65066.9247,66304.4326,80286
2024-07-24T00:00:00,66112.0218,66962.9433,65977.1772,66206.2218,76172
2024-07-25T00:00:00,66385.8633,67270.5850,63841.6120,64466.8454,143800
2024-07-26T00:00:00,64775.0561,67195.7870,64054.6210,66954.9304,62122
2024-07-29T00:00:00,66878.5559,67977.8661,66324.4631,67623.8715,70383
2024-07-30T00:00:00,67977.3548,68119.6658,66770.1977,66778.8817,78565
2024-07-31T00:00:00,66719.3173,68001.9712,66513.8127,67448.1188,131960
2024-08-01T00:00:00,67596.5816,67780.8619,67199.6515,67733.6952,72746
2024-08-02T00:00:00,67799.3462,68273.1211,67470.9082,67760.0582,89989
2024-08-05T00:00:00,67592.6892,68250.3503,67086.9737,67155.9325,83570
2024-08-06T00:00:00,66943.9915,66961.7480,66701.9710,66842.3635,79657
2024-08-07T00:00:00,66810.4836,67566.1153,66718.8266,67073.7990,51955
2024-08-08T00:00:00,67223.2294,67725.7723,66327.2136,66509.7204,52407
2024-08-09T00:00:00,66815.1598,68061.2775,66639.4608,67579.2837,84375
2024-08-12T00:00:00,67580.6663,67732.7443,66315.6416,66865.1209,139387
2024-08-13T00:00:00,66831.1254,67192.6612,65859.3415,65946.8806,107903
2024-08-14T00:00:00,65676.4794,65737.2299,65429.0459,65504.0279,125203
2024-08-15T00:00:00,65355.8928,65434.5735,64777.3277,64828.0235,97506
2024-08-16T00:00:00,64576.8003,65777.2148,64256.1965,65582.8367,64433
2024-08-19T00:00:00,65587.0071,65610.1585,64658.0338,64906.6708,138335
2024-08-20T00:00:00,65010.8260,65091.9494,64415.7220,65029.2820,127726
2024-08-21T00:00:00,65019.8339,65378.1527,64562.3918,65257.7179,56058
2024-08-22T00:00:00,65422.9296,65752.7769,65066.3460,65136.3144,83817
2024-08-23T00:00:00,65378.5525,66269.9662,65318.1048,66129.3746,94562
2024-08-26T00:00:00,66096.8235,67191.4516,65926.5168,66981.6913,91031
2024-08-27T00:00:00,66823.1384,67523.8623,66419.3491,66932.6132,143148
2024-08-28T00:00:00,67169.4522,67200.1384,66326.1129,66547.8916,95975
2024-08-29T00:00:00,66420.9972,66965.6182,65045.1618,65784.4617,81235
2024-08-30T00:00:00,65848.5927,66001.2621,65385.6526,65880.0218,134076
2024-09-02T00:00:00,65985.4003,66123.8055,65466.2084,66098.7525,139765
2024-09-03T00:00:00,66092.9715,67152.9276,65929.1868,66369.0456,121661
2024-09-04T00:00:00,66125.6305,66333.3544,65773.5932,66294.5792,77129
2024-09-05T00:00:00,66077.8906,66269.2877,65562.8531,65940.1760,64672
2024-09-06T00:00:00,66040.7940,66152.8509,65224.6764,65966.2002,145003
2024-09-09T00:00:00,66220.5777,66542.3283,65260.0320,65705.1803,106668
2024-09-10T00:00:00,65919.7074,66647.1012,65435.8940,66354.1677,54350
2024-09-11T00:00:00,66578.6345,67583.2750,66530.5671,66944.3026,149071
2024-09-12T00:00:00,66731.0953,67262.9501,66334.5421,67026.5906,86759
2024-09-13T00:00:00,66990.4399,67382.7793,66534.3724,66817.0121,130258
2024-09-16T00:00:00,66718.0699,67248.1774,66581.2622,66813.7329,104817
2024-09-17T00:00:00,66823.8217,67037.4424,66688.9585,66856.6454,72675
2024-09-18T00:00:00,66884.4461,67728.3866,66261.2352,67501.3258,117668
2024-09-19T00:00:00,67804.8446,68349.7440,67492.6441,67964.2205,111366
2024-09-20T00:00:00,67879.4540,68732.3158,67684.1552,68321.8773,55401
2024-09-23T00:00:00,68180.0971,68387.0358,66608.7920,66965.7093,130808
2024-09-24T00:00:00,67233.1691,67569.0168,66935.2403,66956.1384,51462
2024-09-25T00:00:00,66794.5395,67064.8555,65922.2724,66232.5443,86334
2024-09-26T00:00:00,66513.8566,67166.4911,65902.8858,66547.1764,109342
2024-09-27T00:00:00,66702.2987,67036.9462,65863.4117,65882.3867,139719
2024-09-30T00:00:00,65864.6338,66045.1434,65620.0458,65918.4713,149233
2024-10-01T00:00:00,65824.6614,66165.6078,65699.9554,66116.6099,80550
2024-10-02T00:00:00,66056.0619,66499.7660,65876.2743,66244.0784,130205
2024-10-03T00:00:00,66025.8354,67549.0877,65682.3230,67423.9343,72626
2024-10-04T00:00:00,67552.0836,67798.5222,67398.2188,67598.1687,98842
2024-10-07T00:00:00,67480.0038,67589.1223,67384.1022,67408.3316,84938
2024-10-08T00:00:00,67348.2590,68505.2646,66882.7929,68445.2042,109490
2024-10-09T00:00:00,68614.5962,68768.2660,67808.7004,67863.6139,124788
2024-10-10T00:00:00,68110.3790,68138.7545,66394.9972,66568.1342,106714
2024-10-11T00:00:00,66423.3661,66947.1450,65272.4314,65852.4729,101037
2024-10-14T00:00:00,65803.4105,67566.3880,65728.7469,67479.6741,116913
2024-10-15T00:00:00,67473.1876,68035.2794,67081.6969,67899.7550,81981
2024-10-16T00:00:00,67730.4656,68371.4460,66566.1326,66602.2536,142144
2024-10-17T00:00:00,66596.7075,68064.0907,66385.5026,67723.1640,57556
2024-10-18T00:00:00,68025.4867,69247.1363,67678.3998,68901.8693,102713
2024-10-21T00:00:00,69177.6367,69791.7007,68936.1582,69186.0900,131853
2024-10-22T00:00:00,69017.0818,69509.2138,68933.1986,69032.9019,53910
2024-10-23T00:00:00,68684.6499,68751.8769,68317.4813,68455.2831,122104
2024-10-24T00:00:00,68414.0889,68468.7796,67494.1461,67891.0366,91354
2024-10-25T00:00:00,67770.0708,67918.1636,67072.6804,67691.0099,84951
2024-10-28T00:00:00,67710.3620,67716.2732,67120.4884,67135.3729,146344
2024-10-29T00:00:00,67139.7177,67231.7030,65394.0568,65450.1334,66329
2024-10-30T00:00:00,65643.5210,66426.5804,65134.1832,65891.4709,79603
2024-10-31T00:00:00,65902.4658,66364.1428,65845.4699,66320.8661,99371
2024-11-01T00:00:00,66195.7318,66719.3623,66117.7190,66471.4589,132714
2024-11-04T00:00:00,66403.2651,66807.1249,66271.2646,66346.9102,137430
2024-11-05T00:00:00,66568.0771,66908.9379,66115.7221,66858.5259,133305
2024-11-06T00:00:00,66842.4213,67281.5064,65752.3405,66397.9577,141569
2024-11-07T00:00:00,66563.4476,66836.5324,66127.7168,66218.2608,141002
2024-11-08T00:00:00,66332.1287,67134.5873,66170.7642,66536.5289,85363
2024-11-11T00:00:00,66658.7729,67029.6294,66353.1695,66937.5447,111609
2024-11-12T00:00:00,66900.4838,67000.5041,66651.9013,66673.7617,94154
2024-11-13T00:00:00,66715.4726,66814.3564,66079.0422,66279.1037,89324
2024-11-14T00:00:00,66282.4462,66632.1742,66110.4942,66233.5262,121480
2024-11-15T00:00:00,66451.2004,66484.1623,65960.4502,66155.7778,98178
